{
  "VSMPX": {
    "stdDev": 15.37,
    "expenseRatio": 0.0002,
    "dividendYield": 0.0112,
    "sharpe": 0.63,
    "beta": 1.01,
    "return1Y": 0.1705426,
    "return3Y": 0.209307,
    "return5Y": 0.1268508
  },
  "FXAIX": {
    "stdDev": 15.08,
    "expenseRatio": 0.00014999999,
    "dividendYield": 0.0111,
    "sharpe": 0.73,
    "beta": 1.0,
    "return1Y": 0.1697735,
    "return3Y": 0.2179118,
    "return5Y": 0.1417527
  },
  "VFIAX": {
    "stdDev": 15.08,
    "expenseRatio": 0.0004,
    "dividendYield": 0.0111,
    "sharpe": 0.73,
    "beta": 1.0,
    "return1Y": 0.16942869,
    "return3Y": 0.2175376,
    "return5Y": 0.1414133
  },
  "VTSAX": {
    "stdDev": 15.37,
    "expenseRatio": 0.0004,
    "dividendYield": 0.011,
    "sharpe": 0.63,
    "beta": 1.01,
    "return1Y": 0.170338,
    "return3Y": 0.2090696,
    "return5Y": 0.1266289
  },
  "VGTSX": {
    "stdDev": 14.46,
    "expenseRatio": 0.0017,
    "dividendYield": 0.0276,
    "sharpe": 0.48,
    "beta": 1.02,
    "return1Y": 0.39802343,
    "return3Y": 0.1973698,
    "return5Y": 0.0973199
  },
  "FCTDX": {
    "stdDev": 14.85,
    "expenseRatio": 0.0021,
    "dividendYield": 0.0088,
    "sharpe": 0.69,
    "beta": 0.98,
    "return1Y": 0.1931632,
    "return3Y": 0.2172182,
    "return5Y": 0.1334977
  },
  "VIIIX": {
    "stdDev": 15.08,
    "expenseRatio": 0.0002,
    "dividendYield": 0.0113,
    "sharpe": 0.73,
    "beta": 1.0,
    "return1Y": 0.16967261,
    "return3Y": 0.2177842,
    "return5Y": 0.1416468
  },
  "VTBNX": {
    "stdDev": 6.29,
    "expenseRatio": 0.0002,
    "dividendYield": 0.039300002,
    "sharpe": -0.47,
    "beta": 0.99,
    "return1Y": 0.0613336,
    "return3Y": 0.0510535,
    "return5Y": 0.0040165
  },
  "AGTHX": {
    "stdDev": 17.64,
    "expenseRatio": 0.0058999998,
    "dividendYield": 0.0027,
    "sharpe": 0.49,
    "beta": 1.1,
    "return1Y": 0.16439252,
    "return3Y": 0.24485889,
    "return5Y": 0.110647604
  },
  "VTBIX": {
    "stdDev": 6.29,
    "expenseRatio": 0.00090000004,
    "dividendYield": 0.038599998,
    "sharpe": -0.48,
    "beta": 0.99,
    "return1Y": 0.060595103,
    "return3Y": 0.050321396,
    "return5Y": 0.0033155999
  },
  "FCNTX": {
    "stdDev": 16.73,
    "expenseRatio": 0.0074,
    "dividendYield": 0.0,
    "sharpe": 0.75,
    "beta": 1.04,
    "return1Y": 0.1868979,
    "return3Y": 0.302658,
    "return5Y": 0.1564162
  },
  "PIMIX": {
    "stdDev": 5.43,
    "expenseRatio": 0.0054,
    "dividendYield": 0.0588,
    "sharpe": 0.17,
    "beta": 0.77,
    "return1Y": 0.0984872,
    "return3Y": 0.08746529,
    "return5Y": 0.043127198
  },
  "TRBCX": {
    "stdDev": 19.74,
    "expenseRatio": 0.0069999998,
    "dividendYield": 0.0,
    "sharpe": 0.42,
    "beta": 1.17,
    "return1Y": 0.1225978,
    "return3Y": 0.2800305,
    "return5Y": 0.1014517
  },
  "FDGRX": {
    "stdDev": 20.67,
    "expenseRatio": 0.0069,
    "dividendYield": 0.0,
    "sharpe": 0.61,
    "beta": 1.22,
    "return1Y": 0.30183122,
    "return3Y": 0.3263013,
    "return5Y": 0.1487385
  },
  "FBGRX": {
    "stdDev": 21.48,
    "expenseRatio": 0.0061000003,
    "dividendYield": 0.0,
    "sharpe": 0.53,
    "beta": 1.27,
    "return1Y": 0.2045191,
    "return3Y": 0.3155471,
    "return5Y": 0.1315105
  },
  "FOCPX": {
    "stdDev": 18.47,
    "expenseRatio": 0.0073,
    "dividendYield": 0.0,
    "sharpe": 0.63,
    "beta": 1.1,
    "return1Y": 0.265231,
    "return3Y": 0.3042003,
    "return5Y": 0.1427196
  },
  "FBALX": {
    "stdDev": 11.72,
    "expenseRatio": 0.0046,
    "dividendYield": 0.017,
    "sharpe": 0.55,
    "beta": 1.06,
    "return1Y": 0.1615393,
    "return3Y": 0.1690709,
    "return5Y": 0.09569821
  },
  "DODGX": {
    "stdDev": 15.0,
    "expenseRatio": 0.0050999997,
    "dividendYield": 0.0127,
    "sharpe": 0.61,
    "beta": 0.84,
    "return1Y": 0.103011906,
    "return3Y": 0.1546691,
    "return5Y": 0.1217068
  },
  "OAKMX": {
    "stdDev": 17.34,
    "expenseRatio": 0.0089,
    "dividendYield": 0.0091,
    "sharpe": 0.61,
    "beta": 0.98,
    "return1Y": 0.104833804,
    "return3Y": 0.1685855,
    "return5Y": 0.1333855
  },
  "SWPPX": {
    "stdDev": 15.08,
    "expenseRatio": 0.0002,
    "dividendYield": 0.011,
    "sharpe": 0.73,
    "beta": 1.0,
    "return1Y": 0.1693672,
    "return3Y": 0.2175896,
    "return5Y": 0.14147331
  },
  "VIMAX": {
    "stdDev": 16.58,
    "expenseRatio": 0.0005,
    "dividendYield": 0.0143,
    "sharpe": 0.38,
    "beta": 1.02,
    "return1Y": 0.1497426,
    "return3Y": 0.1444545,
    "return5Y": 0.087655604
  },
  "VSMAX": {
    "stdDev": 18.4,
    "expenseRatio": 0.0005,
    "dividendYield": 0.0124,
    "sharpe": 0.28,
    "beta": 1.06,
    "return1Y": 0.1832035,
    "return3Y": 0.1364045,
    "return5Y": 0.0714805
  },
  "VWUSX": {
    "stdDev": 21.38,
    "expenseRatio": 0.0034999999,
    "dividendYield": 0.00059999997,
    "sharpe": 0.24,
    "beta": 1.25,
    "return1Y": 0.082634404,
    "return3Y": 0.2377479,
    "return5Y": 0.065733
  },
  "VIGAX": {
    "stdDev": 19.47,
    "expenseRatio": 0.0005,
    "dividendYield": 0.0043,
    "sharpe": 0.57,
    "beta": 1.2,
    "return1Y": 0.1417293,
    "return3Y": 0.2641946,
    "return5Y": 0.1336831
  },
  "SPY": {
    "stdDev": 15.06,
    "expenseRatio": 0.000945,
    "dividendYield": 0.0106,
    "sharpe": 0.73,
    "beta": 1.0,
    "return1Y": 0.16865511,
    "return3Y": 0.21662621,
    "return5Y": 0.1408304
  },
  "QQQ": {
    "stdDev": 19.32,
    "expenseRatio": 0.0018000001,
    "dividendYield": 0.0046,
    "sharpe": 0.64,
    "beta": 1.18,
    "return1Y": 0.2009118,
    "return3Y": 0.2819465,
    "return5Y": 0.1474978
  },
  "VTI": {
    "stdDev": 15.37,
    "expenseRatio": 0.00029999999,
    "dividendYield": 0.0111,
    "sharpe": 0.63,
    "beta": 1.01,
    "return1Y": 0.1704134,
    "return3Y": 0.20921369,
    "return5Y": 0.1267602
  },
  "IWM": {
    "stdDev": 19.81,
    "expenseRatio": 0.0019,
    "dividendYield": 0.0098,
    "sharpe": 0.16,
    "beta": 1.08,
    "return1Y": 0.23221889,
    "return3Y": 0.1298756,
    "return5Y": 0.049300097
  },
  "EEM": {
    "stdDev": 16.09,
    "expenseRatio": 0.0072000003,
    "dividendYield": 0.0194,
    "sharpe": 0.2,
    "beta": 1.0,
    "return1Y": 0.4843692,
    "return3Y": 0.2069346,
    "return5Y": 0.0552658
  },
  "VEA": {
    "stdDev": 15.56,
    "expenseRatio": 0.00029999999,
    "dividendYield": 0.0286,
    "sharpe": 0.56,
    "beta": 1.08,
    "return1Y": 0.4226635,
    "return3Y": 0.2073842,
    "return5Y": 0.1146403
  },
  "AGG": {
    "stdDev": 6.35,
    "expenseRatio": 0.00029999999,
    "dividendYield": 0.0383,
    "sharpe": -0.46,
    "beta": 1.0,
    "return1Y": 0.0624391,
    "return3Y": 0.0511405,
    "return5Y": 0.0041472
  },
  "GLD": {
    "stdDev": 15.28,
    "expenseRatio": 0.004,
    "dividendYield": 0.0,
    "sharpe": 1.28,
    "beta": 0.33,
    "return1Y": 0.8353495,
    "return3Y": 0.4142899,
    "return5Y": 0.2405348
  },
  "XLF": {
    "stdDev": 17.84,
    "expenseRatio": 0.0008,
    "dividendYield": 0.0139999995,
    "sharpe": 0.52,
    "beta": 1.0,
    "return1Y": -0.0005742,
    "return3Y": 0.1476162,
    "return5Y": 0.1166744
  },
  "XLK": {
    "stdDev": 20.74,
    "expenseRatio": 0.0008,
    "dividendYield": 0.0056,
    "sharpe": 0.7,
    "beta": 1.25,
    "return1Y": 0.237688,
    "return3Y": 0.2758737,
    "return5Y": 0.1715408
  },
  "VOO": {
    "stdDev": 15.08,
    "expenseRatio": 0.00029999999,
    "dividendYield": 0.0112,
    "sharpe": 0.73,
    "beta": 1.0,
    "return1Y": 0.1695286,
    "return3Y": 0.2176567,
    "return5Y": 0.14146361
  },
  "DIA": {
    "stdDev": 14.66,
    "expenseRatio": 0.0016,
    "dividendYield": 0.0139999995,
    "sharpe": 0.58,
    "beta": 0.88,
    "return1Y": 0.1339607,
    "return3Y": 0.16417801,
    "return5Y": 0.115557805
  },
  "VXUS": {
    "stdDev": 14.47,
    "expenseRatio": 0.0005,
    "dividendYield": 0.0286,
    "sharpe": 0.49,
    "beta": 1.02,
    "return1Y": 0.399127,
    "return3Y": 0.1986599,